month,dataset,applications,avg_score,score_psi,avg_pd_pct,actual_default_rate_pct,gap_pp,status
S01,baseline,3000,567.322667,0.003081,7.920858,7.933333,0.012475,Stable
S02,baseline,3000,567.692,0.006039,7.82059,7.066667,-0.753923,Stable
S03,baseline,3000,566.713667,0.003204,8.061215,8.1,0.038785,Stable
S04,baseline,3000,567.01,0.001976,7.931239,7.766667,-0.164573,Stable
S05,baseline,3000,566.476333,0.001155,8.047846,7.733333,-0.314513,Stable
S06,baseline,3000,566.019667,0.002551,8.147097,8.433333,0.286236,Stable
S07,drifting,3000,565.722,0.003061,8.318422,8.933333,0.614911,Stable
S08,drifting,3000,563.160667,0.017367,8.984874,9.5,0.515126,Stable
S09,drifting,3000,560.988667,0.044407,9.504367,9.0,-0.504367,Stable
S10,drifting,3000,559.144333,0.074724,10.110559,11.466667,1.356108,Stable
S11,drifting,3000,557.854667,0.104434,10.479047,11.733333,1.254286,Watch
S12,drifting,3000,555.235,0.171774,11.177998,14.4,3.222002,Watch
