month,feature,psi,status
S01,EXT_SOURCE_3,0.003867,Stable
S01,EXT_SOURCE_2,0.002546,Stable
S01,EXT_SOURCE_1,0.000455,Stable
S01,YEARS_EMPLOYED,0.00297,Stable
S01,prev_refusal_rate,0.001418,Stable
S01,inst_late_share,0.000909,Stable
S01,inst_recent3_late_share,0.000732,Stable
S01,bureau_utilisation,0.004614,Stable
S01,NAME_EDUCATION_TYPE,0.000998,Stable
S01,not_employed_flag,0.00026,Stable
S01,bureau_n_active,0.00019,Stable
S02,EXT_SOURCE_3,0.004548,Stable
S02,EXT_SOURCE_2,0.004696,Stable
S02,EXT_SOURCE_1,0.002102,Stable
S02,YEARS_EMPLOYED,0.004703,Stable
S02,prev_refusal_rate,0.001182,Stable
S02,inst_late_share,0.001512,Stable
S02,inst_recent3_late_share,0.000283,Stable
S02,bureau_utilisation,0.002589,Stable
S02,NAME_EDUCATION_TYPE,0.002332,Stable
S02,not_employed_flag,0.001042,Stable
S02,bureau_n_active,0.00015,Stable
S03,EXT_SOURCE_3,0.003036,Stable
S03,EXT_SOURCE_2,0.003235,Stable
S03,EXT_SOURCE_1,0.000849,Stable
S03,YEARS_EMPLOYED,0.001786,Stable
S03,prev_refusal_rate,0.001443,Stable
S03,inst_late_share,0.002326,Stable
S03,inst_recent3_late_share,0.000281,Stable
S03,bureau_utilisation,0.001319,Stable
S03,NAME_EDUCATION_TYPE,0.001112,Stable
S03,not_employed_flag,0.000526,Stable
S03,bureau_n_active,0.000459,Stable
S04,EXT_SOURCE_3,0.002529,Stable
S04,EXT_SOURCE_2,0.005385,Stable
S04,EXT_SOURCE_1,0.000311,Stable
S04,YEARS_EMPLOYED,0.001756,Stable
S04,prev_refusal_rate,0.000931,Stable
S04,inst_late_share,0.000623,Stable
S04,inst_recent3_late_share,6.3e-05,Stable
S04,bureau_utilisation,0.002775,Stable
S04,NAME_EDUCATION_TYPE,0.000434,Stable
S04,not_employed_flag,5e-06,Stable
S04,bureau_n_active,0.000399,Stable
S05,EXT_SOURCE_3,0.001733,Stable
S05,EXT_SOURCE_2,0.002078,Stable
S05,EXT_SOURCE_1,0.001054,Stable
S05,YEARS_EMPLOYED,0.001927,Stable
S05,prev_refusal_rate,0.001984,Stable
S05,inst_late_share,0.001113,Stable
S05,inst_recent3_late_share,0.00051,Stable
S05,bureau_utilisation,0.001368,Stable
S05,NAME_EDUCATION_TYPE,0.000861,Stable
S05,not_employed_flag,0.00026,Stable
S05,bureau_n_active,0.000545,Stable
S06,EXT_SOURCE_3,0.004612,Stable
S06,EXT_SOURCE_2,0.003522,Stable
S06,EXT_SOURCE_1,0.002691,Stable
S06,YEARS_EMPLOYED,0.002336,Stable
S06,prev_refusal_rate,0.000947,Stable
S06,inst_late_share,0.001179,Stable
S06,inst_recent3_late_share,0.000145,Stable
S06,bureau_utilisation,0.004091,Stable
S06,NAME_EDUCATION_TYPE,0.000331,Stable
S06,not_employed_flag,3e-05,Stable
S06,bureau_n_active,0.001698,Stable
S07,EXT_SOURCE_3,0.002482,Stable
S07,EXT_SOURCE_2,0.010098,Stable
S07,EXT_SOURCE_1,0.002328,Stable
S07,YEARS_EMPLOYED,0.001414,Stable
S07,prev_refusal_rate,0.001157,Stable
S07,inst_late_share,0.002109,Stable
S07,inst_recent3_late_share,0.000868,Stable
S07,bureau_utilisation,0.001861,Stable
S07,NAME_EDUCATION_TYPE,0.001405,Stable
S07,not_employed_flag,6.6e-05,Stable
S07,bureau_n_active,0.00075,Stable
S08,EXT_SOURCE_3,0.002581,Stable
S08,EXT_SOURCE_2,0.0483,Stable
S08,EXT_SOURCE_1,0.001126,Stable
S08,YEARS_EMPLOYED,0.001868,Stable
S08,prev_refusal_rate,0.001898,Stable
S08,inst_late_share,0.001386,Stable
S08,inst_recent3_late_share,0.001014,Stable
S08,bureau_utilisation,0.000624,Stable
S08,NAME_EDUCATION_TYPE,0.001605,Stable
S08,not_employed_flag,0.000349,Stable
S08,bureau_n_active,0.00193,Stable
S09,EXT_SOURCE_3,0.006562,Stable
S09,EXT_SOURCE_2,0.092117,Stable
S09,EXT_SOURCE_1,0.003303,Stable
S09,YEARS_EMPLOYED,0.005911,Stable
S09,prev_refusal_rate,0.001295,Stable
S09,inst_late_share,0.002487,Stable
S09,inst_recent3_late_share,0.00106,Stable
S09,bureau_utilisation,0.002097,Stable
S09,NAME_EDUCATION_TYPE,0.003236,Stable
S09,not_employed_flag,0.0,Stable
S09,bureau_n_active,0.00309,Stable
S10,EXT_SOURCE_3,0.005705,Stable
S10,EXT_SOURCE_2,0.174916,Watch
S10,EXT_SOURCE_1,0.004755,Stable
S10,YEARS_EMPLOYED,0.002461,Stable
S10,prev_refusal_rate,0.004105,Stable
S10,inst_late_share,0.002866,Stable
S10,inst_recent3_late_share,0.003988,Stable
S10,bureau_utilisation,0.00284,Stable
S10,NAME_EDUCATION_TYPE,0.006196,Stable
S10,not_employed_flag,0.000288,Stable
S10,bureau_n_active,0.00223,Stable
S11,EXT_SOURCE_3,0.007749,Stable
S11,EXT_SOURCE_2,0.242097,Watch
S11,EXT_SOURCE_1,0.011405,Stable
S11,YEARS_EMPLOYED,0.005675,Stable
S11,prev_refusal_rate,0.002172,Stable
S11,inst_late_share,0.003148,Stable
S11,inst_recent3_late_share,0.000862,Stable
S11,bureau_utilisation,0.001549,Stable
S11,NAME_EDUCATION_TYPE,0.005577,Stable
S11,not_employed_flag,0.000233,Stable
S11,bureau_n_active,0.000556,Stable
S12,EXT_SOURCE_3,0.008097,Stable
S12,EXT_SOURCE_2,0.39895,Major shift
S12,EXT_SOURCE_1,0.015021,Stable
S12,YEARS_EMPLOYED,0.006437,Stable
S12,prev_refusal_rate,0.004793,Stable
S12,inst_late_share,0.002814,Stable
S12,inst_recent3_late_share,0.001476,Stable
S12,bureau_utilisation,0.008077,Stable
S12,NAME_EDUCATION_TYPE,0.009578,Stable
S12,not_employed_flag,0.000381,Stable
S12,bureau_n_active,0.002694,Stable
