feature,bin,people,bad_rate_pct,woe,points
EXT_SOURCE_3,< 0.2276,17200,20.034884,-1.048506,29
EXT_SOURCE_3,0.2276 to < 0.3297,17143,12.914892,-0.524201,40
EXT_SOURCE_3,0.3297 to < 0.4418,25717,9.270133,-0.151613,48
EXT_SOURCE_3,0.4418 to < 0.5065,17383,7.041362,0.147462,54
EXT_SOURCE_3,0.5065 to < 0.643,43525,5.231476,0.464023,60
EXT_SOURCE_3,0.643 to < 0.6941,17241,4.170292,0.701409,65
EXT_SOURCE_3,0.6941 to < 0.749,16907,3.572485,0.86222,69
EXT_SOURCE_3,>= 0.749,17722,3.063988,1.020929,72
EXT_SOURCE_3,Missing,42419,9.349584,-0.160948,47
EXT_SOURCE_2,< 0.216,21480,18.403166,-0.943343,28
EXT_SOURCE_2,0.216 to < 0.3929,32216,11.497393,-0.391719,41
EXT_SOURCE_2,0.3929 to < 0.5125,32219,8.5881,-0.067679,49
EXT_SOURCE_2,0.5125 to < 0.5665,21480,7.481378,0.082194,53
EXT_SOURCE_2,0.5665 to < 0.6086,21481,6.601182,0.216789,56
EXT_SOURCE_2,0.6086 to < 0.6638,32220,5.667287,0.379347,60
EXT_SOURCE_2,0.6638 to < 0.7218,32219,4.398026,0.646188,66
EXT_SOURCE_2,>= 0.7218,21481,3.002654,1.041923,75
EXT_SOURCE_2,Missing,461,8.67679,-0.089995,49
EXT_SOURCE_1,< 0.2557,14099,15.618129,-0.745778,38
EXT_SOURCE_1,0.2557 to < 0.4042,18797,9.464276,-0.174545,48
EXT_SOURCE_1,0.4042 to < 0.5059,14098,6.859129,0.17554,54
EXT_SOURCE_1,0.5059 to < 0.7104,28196,5.298624,0.450452,58
EXT_SOURCE_1,>= 0.7104,18798,3.042877,1.028106,68
EXT_SOURCE_1,Missing,121269,8.545465,-0.062116,50
YEARS_EMPLOYED,< 1.689,35293,11.35636,-0.377776,44
YEARS_EMPLOYED,1.689 to < 2.519,17620,11.197503,-0.362011,44
YEARS_EMPLOYED,2.519 to < 3.953,26492,10.304998,-0.268889,46
YEARS_EMPLOYED,3.953 to < 5.131,17641,8.871379,-0.10336,49
YEARS_EMPLOYED,5.131 to < 6.727,17666,7.800294,0.03695,51
YEARS_EMPLOYED,6.727 to < 8.695,17635,6.997448,0.154193,53
YEARS_EMPLOYED,8.695 to < 14.6,26491,5.986939,0.321045,56
YEARS_EMPLOYED,>= 14.6,17651,4.543652,0.611831,62
YEARS_EMPLOYED,Missing,38768,5.419418,0.426726,58
prev_refusal_rate,< 0.1429,141467,7.075148,0.142643,53
prev_refusal_rate,0.1429 to < 0.25,17912,8.184457,-0.015279,50
prev_refusal_rate,0.25 to < 0.3333,12262,9.509052,-0.179891,48
prev_refusal_rate,0.3333 to < 0.5,16635,11.181244,-0.360388,45
prev_refusal_rate,>= 0.5,15431,14.153328,-0.630091,42
prev_refusal_rate,Missing,11550,5.991342,0.319882,55
inst_late_share,< 0.03333,112032,6.673093,0.20545,53
inst_late_share,0.03333 to < 0.06667,19965,8.024042,0.006287,51
inst_late_share,0.06667 to < 0.1429,29846,9.538967,-0.183136,48
inst_late_share,0.1429 to < 0.2388,21882,10.117905,-0.248522,48
inst_late_share,>= 0.2388,20428,12.585667,-0.494579,44
inst_late_share,Missing,11104,6.006844,0.317108,55
inst_recent3_late_share,< 0.3333,171104,7.307252,0.107873,52
inst_recent3_late_share,>= 0.3333,33049,12.729583,-0.507532,44
inst_recent3_late_share,Missing,11104,6.006844,0.317108,55
bureau_utilisation,< 0.01397,22523,5.945034,0.32846,56
bureau_utilisation,0.01397 to < 0.5245,45044,6.680135,0.204227,54
bureau_utilisation,0.5245 to < 0.6379,15014,7.25323,0.11549,52
bureau_utilisation,0.6379 to < 0.7335,15015,8.225108,-0.020734,50
bureau_utilisation,0.7335 to < 0.8233,15015,9.017649,-0.121364,49
bureau_utilisation,0.8233 to < 0.9434,22522,10.736169,-0.314717,46
bureau_utilisation,>= 0.9434,15015,12.660673,-0.501438,43
bureau_utilisation,Missing,65109,7.728578,0.047205,51
NAME_EDUCATION_TYPE,Secondary / secondary special,152785,8.95245,-0.113092,48
NAME_EDUCATION_TYPE,Higher education,52529,5.347522,0.440897,60
NAME_EDUCATION_TYPE,Incomplete higher,7189,8.429545,-0.047896,50
NAME_EDUCATION_TYPE,Other,2754,10.312273,-0.271071,45
not_employed_flag,<= 0,176489,8.655497,-0.076099,50
not_employed_flag,>= 1,38768,5.419418,0.426726,52
bureau_n_active,<= 1,115043,7.434611,0.089202,52
bureau_n_active,2,40824,7.586224,0.067281,52
bureau_n_active,3,26660,8.375844,-0.040374,50
bureau_n_active,4,15488,9.194215,-0.14268,48
bureau_n_active,>= 5,17242,12.005568,-0.440819,44
