,EXT_SOURCE_3,EXT_SOURCE_2,EXT_SOURCE_1,YEARS_EMPLOYED,AGE_YEARS,prev_refusal_rate,inst_late_share,inst_recent3_late_share,prev_n_refused,bureau_utilisation,inst_avg_days_late,inst_short_share,bureau_n_recent_loans,NAME_EDUCATION_TYPE,inst_max_days_late,inst_n_late,prev_last_refused,AMT_CREDIT,not_employed_flag,bureau_n_active
EXT_SOURCE_3,1.0,0.10040427089710806,0.08782871237216693,0.16138327808767486,0.1738526835157033,0.14049668300511017,0.09808809690305627,0.07629988449219878,0.1543896039975566,0.1693616037096004,0.07849685609759714,0.09104295759223494,0.3005803853269938,-0.00881995980692747,0.0647832683291363,0.07122274940744266,0.10115044741502331,0.06067525754920918,0.09810486638904332,0.22966046577913746
EXT_SOURCE_2,0.10040427089710806,1.0,0.1440939089867035,0.07289379589008876,0.08709755917034652,0.047647115847044876,0.047680108338771766,0.041961988534404984,0.03753608055208506,0.029519416164579693,0.04490415810280073,0.04332560343843295,0.050019689239555645,0.13049819436601934,0.037341608259339645,0.03223585402067264,0.04004552668920239,0.13364255013755297,-0.01621691201926753,-0.007854547464819504
EXT_SOURCE_1,0.08782871237216693,0.1440939089867035,1.0,0.1380877396341842,0.2183647446879904,0.029651272694536008,0.018208473942958527,0.02426295203948137,0.016977024780222977,0.04137255938679007,0.012282683392338723,0.021752692704098586,0.016163698048304462,0.13231583835133484,-0.000862573475831612,-0.004329941732709624,0.015064319693343986,0.11263330139805498,0.06213452362896474,-0.04206278396057307
YEARS_EMPLOYED,0.16138327808767486,0.07289379589008876,0.1380877396341842,1.0,0.5222320049552958,0.036330500749075165,-0.0031141723061458215,0.007280842103273407,0.005849830909160833,0.06477062315712981,-0.02480736443124139,0.001934011974735186,0.007111823356047521,-0.057908821429317095,-0.04075594235056599,-0.03537875120103185,0.0006818268992553146,0.049432902900049466,0.5115443575448624,-0.056358086175781245
AGE_YEARS,0.1738526835157033,0.08709755917034652,0.2183647446879904,0.5222320049552958,1.0,0.03272327478564084,0.020680968000380506,0.02443003651803023,-0.0042527671511727065,0.08613558748789472,-0.0055474124222834025,0.023000175733147898,0.031173154782349645,-0.12847535743177044,-0.024520496872448443,-0.017799308889642377,0.0002526820398893717,0.04856720650119902,0.6330644286045024,-0.010045874799043604
prev_refusal_rate,0.14049668300511017,0.047647115847044876,0.029651272694536008,0.036330500749075165,0.03272327478564084,1.0,0.1440704529400319,0.11356377693743583,0.8172619050265721,0.03820674738148317,0.1520710538218311,0.1472192681462608,0.10174946382554566,0.03078207922549811,0.1608338784494342,0.13512876947814811,0.620892808524264,0.07646673606247098,0.02723492728378767,0.12003194011674326
inst_late_share,0.09808809690305627,0.047680108338771766,0.018208473942958527,-0.0031141723061458215,0.020680968000380506,0.1440704529400319,1.0,0.5793507590383775,0.12800208980106323,0.023420784307969084,0.8922377530609445,0.8264432836019915,0.017469175699328612,0.03865754668003046,0.8020108947643222,0.8316098023192133,0.1501608068886828,0.06300592411721388,0.015245322226110697,0.03949825982497759
inst_recent3_late_share,0.07629988449219878,0.041961988534404984,0.02426295203948137,0.007280842103273407,0.02443003651803023,0.11356377693743583,0.5793507590383775,1.0,0.05553381241574827,0.02075390975556566,0.4999414464939387,0.5109685492560206,0.004507035962562573,0.034049332114092286,0.45506564365746993,0.46372762167924786,0.1449448967289872,0.06452379533654257,0.012221105765428278,0.013437868017015823
prev_n_refused,0.1543896039975566,0.03753608055208506,0.016977024780222977,0.005849830909160833,-0.0042527671511727065,0.8172619050265721,0.12800208980106323,0.05553381241574827,1.0,0.04107022207707731,0.1584695024548393,0.12696219113790186,0.14138594205047678,0.028102288116496354,0.20126845322497086,0.2009478741055738,0.49210068110087535,0.0650400279672262,0.004564694415624679,0.15578328246080542
bureau_utilisation,0.1693616037096004,0.029519416164579693,0.04137255938679007,0.06477062315712981,0.08613558748789472,0.03820674738148317,0.023420784307969084,0.02075390975556566,0.04107022207707731,1.0,0.020263294540598165,0.022582843220025135,0.1326480419582966,0.008074866955633215,0.0203718890523585,0.020826553138550613,0.030661686403445472,0.037536602616957716,0.043251686873134174,-0.026926632603615455
inst_avg_days_late,0.07849685609759714,0.04490415810280073,0.012282683392338723,-0.02480736443124139,-0.0055474124222834025,0.1520710538218311,0.8922377530609445,0.4999414464939387,0.1584695024548393,0.020263294540598165,1.0,0.8026698033616291,0.018861933858805777,0.05958193195925785,0.9251003385874387,0.8847564954047445,0.15956282105354982,0.0577762040325348,0.003854203201942142,0.046666439199849585
inst_short_share,0.09104295759223494,0.04332560343843295,0.021752692704098586,0.001934011974735186,0.023000175733147898,0.1472192681462608,0.8264432836019915,0.5109685492560206,0.12696219113790186,0.022582843220025135,0.8026698033616291,1.0,0.016061565989520757,0.03965678430420031,0.7123759563163375,0.6936690920573287,0.16001778225306446,0.0636704219901147,0.013220556535177754,0.02808018697901975
bureau_n_recent_loans,0.3005803853269938,0.050019689239555645,0.016163698048304462,0.007111823356047521,0.031173154782349645,0.10174946382554566,0.017469175699328612,0.004507035962562573,0.14138594205047678,0.1326480419582966,0.018861933858805777,0.016061565989520757,1.0,-0.01766356010003882,0.024572845969551234,0.024898738621361674,0.08735888792676091,0.02926518630553753,0.012662550749319738,0.5018562081173134
NAME_EDUCATION_TYPE,-0.00881995980692747,0.13049819436601934,0.13231583835133484,-0.057908821429317095,-0.12847535743177044,0.03078207922549811,0.03865754668003046,0.034049332114092286,0.028102288116496354,0.008074866955633215,0.05958193195925785,0.03965678430420031,-0.01766356010003882,1.0,0.06983280964243074,0.052435132887691305,0.04382309120605911,0.13072311923751512,-0.11175383844534595,-0.05498904157113531
inst_max_days_late,0.0647832683291363,0.037341608259339645,-0.000862573475831612,-0.04075594235056599,-0.024520496872448443,0.1608338784494342,0.8020108947643222,0.45506564365746993,0.20126845322497086,0.0203718890523585,0.9251003385874387,0.7123759563163375,0.024572845969551234,0.06983280964243074,1.0,0.9516691837661836,0.17690086261538016,0.04932375608318766,0.0013316147333546878,0.0633039178330138
inst_n_late,0.07122274940744266,0.03223585402067264,-0.004329941732709624,-0.03537875120103185,-0.017799308889642377,0.13512876947814811,0.8316098023192133,0.46372762167924786,0.2009478741055738,0.020826553138550613,0.8847564954047445,0.6936690920573287,0.024898738621361674,0.052435132887691305,0.9516691837661836,1.0,0.1387160489171468,0.03606262314425345,0.00718596287134429,0.06771328664855697
prev_last_refused,0.10115044741502331,0.04004552668920239,0.015064319693343986,0.0006818268992553146,0.0002526820398893717,0.620892808524264,0.1501608068886828,0.1449448967289872,0.49210068110087535,0.030661686403445472,0.15956282105354982,0.16001778225306446,0.08735888792676091,0.04382309120605911,0.17690086261538016,0.1387160489171468,1.0,0.078460343038128,0.0033615431328862704,0.09823948987056616
AMT_CREDIT,0.06067525754920918,0.13364255013755297,0.11263330139805498,0.049432902900049466,0.04856720650119902,0.07646673606247098,0.06300592411721388,0.06452379533654257,0.0650400279672262,0.037536602616957716,0.0577762040325348,0.0636704219901147,0.02926518630553753,0.13072311923751512,0.04932375608318766,0.03606262314425345,0.078460343038128,1.0,-0.04510798739357519,-0.024922722725439942
not_employed_flag,0.09810486638904332,-0.01621691201926753,0.06213452362896474,0.5115443575448624,0.6330644286045024,0.02723492728378767,0.015245322226110697,0.012221105765428278,0.004564694415624679,0.043251686873134174,0.003854203201942142,0.013220556535177754,0.012662550749319738,-0.11175383844534595,0.0013316147333546878,0.00718596287134429,0.0033615431328862704,-0.04510798739357519,1.0,0.032772882811825915
bureau_n_active,0.22966046577913746,-0.007854547464819504,-0.04206278396057307,-0.056358086175781245,-0.010045874799043604,0.12003194011674326,0.03949825982497759,0.013437868017015823,0.15578328246080542,-0.026926632603615455,0.046666439199849585,0.02808018697901975,0.5018562081173134,-0.05498904157113531,0.0633039178330138,0.06771328664855697,0.09823948987056616,-0.024922722725439942,0.032772882811825915,1.0
