feature,bin,bin_index,people,goods,bads,bad_rate_pct,pct_goods,pct_bads,woe,iv_part
NAME_CONTRACT_TYPE,Cash loans,0,194678,178426,16252,8.348144114897421,90.16904184354154,93.52880244000691,-0.03658328500043111,0.0012291107943371092
NAME_CONTRACT_TYPE,Revolving loans,1,20579,19454,1125,5.46673793673162,9.831463513240347,6.476952293261206,0.4173377307881129,0.01399964100449359
AGE_YEARS,<= 31,0,42886,38095,4791,11.171477871566479,19.251819284414797,27.573804454163547,-0.35926064350019854,0.029897617472830446
AGE_YEARS,32 to 36,1,27829,25127,2702,9.70929605806892,12.698352536891043,15.552166657075444,-0.20272770023385903,0.005785471734798972
AGE_YEARS,37 to 38,2,12346,11241,1105,8.95026729305038,5.680968263594098,6.361857627898947,-0.11319872741583432,0.0007707580955028534
AGE_YEARS,39 to 44,3,35239,32432,2807,7.965606288487187,16.38998382858298,16.15641365022731,0.01435330521317876,3.352504058635513e-05
AGE_YEARS,45 to 52,4,38548,35730,2818,7.310366296565321,18.056650495249645,16.219715716176555,0.10728654362123151,0.001970783833043824
AGE_YEARS,53 to 55,5,15145,14236,909,6.00198085176626,7.1945118253486955,5.233929907348794,0.31815607666108914,0.006237710510035218
AGE_YEARS,56 to 62,6,30524,28883,1641,5.3760974970515,14.596472609662422,9.446394659607527,0.43514674623840643,0.022410396628405504
AGE_YEARS,>= 63,7,12740,12136,604,4.740973312401884,6.1332625833838685,3.478736260574322,0.5670577562417661,0.015052697404970877
YEARS_EMPLOYED,< 1.689,0,35293,31285,4008,11.356359618054572,15.810339599757429,23.067848305231053,-0.3777756686975975,0.02741710204288934
YEARS_EMPLOYED,1.689 to < 2.519,1,17620,15647,1973,11.19750283768445,7.907570244592682,11.356966104621051,-0.36201074992343585,0.012487183820716648
YEARS_EMPLOYED,2.519 to < 3.953,2,26492,23762,2730,10.304997735165333,12.008540529613908,15.713299188582608,-0.2688893284149142,0.00996170067749432
YEARS_EMPLOYED,3.953 to < 5.131,3,17641,16076,1565,8.87137917351624,8.12436830402264,9.009034931230937,-0.10335997703617962,0.0009143912227292406
YEARS_EMPLOYED,5.131 to < 6.727,4,17666,16288,1378,7.8002943507302165,8.231503941782899,7.932899810093802,0.03695009224182281,0.00011033450209701527
YEARS_EMPLOYED,6.727 to < 8.695,5,17635,16401,1234,6.997448256308478,8.288609258136244,7.104218219485527,0.15419347063977623,0.0018262536484420346
YEARS_EMPLOYED,8.695 to < 14.6,6,26491,24905,1586,5.986938960401646,12.586163331311905,9.12988432986131,0.3210450369531186,0.01109621219740994
YEARS_EMPLOYED,>= 14.6,7,17651,16849,802,4.543651917738372,8.515009096422075,4.6181734476607,0.6118311131261722,0.023842052926514208
YEARS_EMPLOYED,Missing,-1,38768,36667,2101,5.419418076764342,18.530169799878713,12.093571962939517,0.4267261350563485,0.027466645178691167
not_employed_flag,<= 0,0,176489,161213,15276,8.655496943152265,81.47033555690317,87.9121827703286,-0.07609942006422987,0.004902208370840499
not_employed_flag,>= 1,1,38768,36667,2101,5.419418076764342,18.530169799878713,12.093571962939517,0.4267261350563485,0.027466645178691167
NAME_EDUCATION_TYPE,Secondary / secondary special,0,152785,139107,13678,8.952449520568118,70.29891853648675,78.71611900788399,-0.11309153515863958,0.00951914123048338
NAME_EDUCATION_TYPE,Higher education,1,52529,49720,2809,5.347522321003636,25.126591873862946,16.16792311676354,0.4408974977178057,0.03949854637887813
NAME_EDUCATION_TYPE,Incomplete higher,2,7189,6583,606,8.429545138405897,3.3270163735597333,3.4902457271105485,-0.04789622420709696,7.818069714849341e-05
NAME_EDUCATION_TYPE,Other,3,2754,2470,284,10.312273057371097,1.248483929654336,1.6372216147781549,-0.2710707088999712,0.0010537539988264737
AMT_INCOME_TOTAL,< 1.62e+05,0,128110,117257,10853,8.471625946452267,59.25687285223368,62.458997525464696,-0.052628531067550305,0.001685231178473082
AMT_INCOME_TOTAL,1.62e+05 to < 2.025e+05,1,25520,23396,2124,8.322884012539184,11.823579947442894,12.225930828106117,-0.03346333566514087,0.00013464002574798463
AMT_INCOME_TOTAL,2.025e+05 to < 2.25e+05,2,14196,13077,1119,7.882502113271344,6.60880331514049,6.4424238936525295,0.02549774558656617,4.2423001599400554e-05
AMT_INCOME_TOTAL,2.25e+05 to < 2.34e+05,3,14731,13593,1138,7.725205349263458,6.869567414594704,6.5517638257466775,0.04736683717419918,0.00015053350846340642
AMT_INCOME_TOTAL,2.34e+05 to < 3.375e+05,4,21691,20215,1476,6.804665529482274,10.216040024257126,8.496863670368878,0.1842619210739557,0.00316778737632367
AMT_INCOME_TOTAL,>= 3.375e+05,5,11009,10342,667,6.058679262421655,5.226652516676774,3.8412844564654427,0.30796421444177147,0.0042664378637570334
AMT_CREDIT,< 6.75e+05,0,136611,124519,12092,8.85141020854836,62.926773802304425,69.58911204465673,-0.10063638918825588,0.006704736642611672
AMT_CREDIT,6.75e+05 to < 9e+05,1,33028,30510,2518,7.623834322393121,15.41868809379422,14.493295735742647,0.061894106840822236,0.000572763334789244
AMT_CREDIT,9e+05 to < 1.35e+06,2,34194,31907,2287,6.688307890273148,16.124671518091773,13.16395235080854,0.20286828008777902,0.006006360052896712
AMT_CREDIT,>= 1.35e+06,3,11424,10944,480,4.201680672268908,5.5308772993733575,2.7651493353283074,0.6932518039234715,0.01917345900235821
AMT_ANNUITY,< 4.081e+04,0,182929,167561,15368,8.401073640592799,84.67834040832828,88.44161823099499,-0.043482805638385906,0.0016363787812626468
AMT_ANNUITY,4.081e+04 to < 5.332e+04,1,21530,20120,1410,6.549001393404552,10.168031129977765,8.117051274673418,0.2252816507380879,0.004620481274335276
AMT_ANNUITY,>= 5.332e+04,2,10789,10190,599,5.551951061266104,5.149838285829795,3.4499625942337575,0.4006019246394745,0.006809734737012307
AMT_ANNUITY,Missing,-1,9,9,0,0.0,0.004800889427936123,0.002877366634056512,0.5119256855470499,9.847007249221967e-06
EXT_SOURCE_1,< 0.2557,0,14099,11897,2202,15.61812894531527,6.012482312512634,12.674800023018934,-0.7457780784344596,0.04968610500061257
EXT_SOURCE_1,0.2557 to < 0.4042,1,18797,17018,1779,9.464276214289514,8.600414392561149,10.240547850607125,-0.17454473193596207,0.0028627665477383747
EXT_SOURCE_1,0.4042 to < 0.5059,2,14098,13131,967,6.859128954461625,6.636092581362442,5.56770443689935,0.1755404844418222,0.001875453724509507
EXT_SOURCE_1,0.5059 to < 0.7104,3,28196,26702,1494,5.298623918286282,13.494289468364665,8.600448869194913,0.4504521976204674,0.0220444125270028
EXT_SOURCE_1,>= 0.7104,4,18798,18226,572,3.0428769017980635,9.210885385081868,3.294584795994706,1.0281058289689908,0.06082583121573186
EXT_SOURCE_1,Missing,-1,121269,110906,10363,8.54546504052973,56.04735193046291,59.63917822408932,-0.06211580723388313,0.0022310918967249098
EXT_SOURCE_2,< 0.216,0,21480,17527,3953,18.40316573556797,8.857640994542146,22.751337975484837,-0.9433434800492494,0.13106528460752226
EXT_SOURCE_2,0.216 to < 0.3929,1,32216,28512,3704,11.497392599950334,14.408985243581968,21.318409391724693,-0.39171900288345873,0.0270655273780936
EXT_SOURCE_2,0.3929 to < 0.5125,2,32219,29452,2767,8.588100189329278,14.8840206185567,15.92622431950279,-0.06767888308190811,0.0007053518242386235
EXT_SOURCE_2,0.5125 to < 0.5665,3,21480,19873,1607,7.481378026070764,10.043208004851426,9.250733728491685,0.08219371524512264,0.0006513640501019715
EXT_SOURCE_2,0.5665 to < 0.6086,4,21481,20063,1418,6.601182440296076,10.139225793410148,8.163089140818323,0.21678897499865257,0.0042840463937265
EXT_SOURCE_2,0.6086 to < 0.6638,5,32220,30394,1826,5.6672873991309745,15.36006670709521,10.511020314208437,0.3793468101187659,0.018394702812595056
EXT_SOURCE_2,0.6638 to < 0.7218,6,32219,30802,1417,4.398026009497501,15.56625227410552,8.15733440755021,0.6461878052775257,0.047875523756708234
EXT_SOURCE_2,>= 0.7218,7,21481,20836,645,3.002653507751036,10.529866585809582,3.714680324566956,1.041923031599466,0.07100899530228948
EXT_SOURCE_2,Missing,-1,461,421,40,8.676789587852495,0.21300788356579745,0.23306669735857743,-0.08999549028997389,1.8052027819165275e-05
EXT_SOURCE_3,< 0.2276,0,17200,13754,3446,20.03488372093023,6.950929856478674,19.833688208551532,-1.0485064736651444,0.13507655530812102
EXT_SOURCE_3,0.2276 to < 0.3297,1,17143,14929,2214,12.914892375896867,7.544724075197089,12.743856822236289,-0.5242008166284154,0.02725389631757485
EXT_SOURCE_3,0.3297 to < 0.4418,2,25717,23333,2384,9.270132597114749,11.79174247018395,13.722161477815503,-0.15161265616265046,0.0029267595325388764
EXT_SOURCE_3,0.4418 to < 0.5065,3,17383,16159,1224,7.041362250474601,8.166312916919345,7.046670886804398,0.147462220990744,0.001651049004753357
EXT_SOURCE_3,0.5065 to < 0.643,4,43525,41248,2277,5.231476163124641,20.8452092177077,13.10640501812741,0.4640231047117865,0.03590983951445859
EXT_SOURCE_3,0.643 to < 0.6941,5,17241,16522,719,4.170291746418421,8.349757428744693,4.14053058640732,0.7014085473977948,0.029523876851516636
EXT_SOURCE_3,0.6941 to < 0.749,6,16907,16303,604,3.57248476962205,8.239084293511219,3.478736260574322,0.8622201239971135,0.041044678712282665
EXT_SOURCE_3,>= 0.749,7,17722,17179,543,3.063988263175714,8.681776834445118,3.1276975312194284,1.0209290913252258,0.05670321136190447
EXT_SOURCE_3,Missing,-1,42419,38453,3966,9.349583912869234,19.432737012330705,22.826149507970307,-0.16094766826219967,0.005461618286250055
credit_income_ratio,< 4.717,0,150647,138090,12557,8.335380060671636,69.78497068930665,72.26506301432929,-0.03492212294375183,0.0008661008908629604
credit_income_ratio,4.717 to < 5.158,1,10794,9944,850,7.8747452288308315,5.025520517485345,4.894400644530126,0.02643720804799436,3.466443360543711e-05
credit_income_ratio,5.158 to < 5.781,2,10763,9923,840,7.804515469664592,5.014908025065696,4.836853311848996,0.03615071416425244,6.436805043094888e-05
credit_income_ratio,5.781 to < 9.162,3,32269,29888,2381,7.378598655055936,15.104356175459873,13.704897278011163,0.09722995615038897,0.0013606932723320981
credit_income_ratio,>= 9.162,4,10784,10035,749,6.945474777448071,5.071507984637154,4.313172584450711,0.16196447443750497,0.001228233945385523
annuity_income_ratio,< 0.06259,0,10763,10048,715,6.643129239059742,5.078077622801698,4.117511653334868,0.20968375600053582,0.002014150803641009
annuity_income_ratio,0.06259 to < 0.09308,1,21524,19929,1595,7.410332651923435,10.071507984637154,9.181676929274328,0.09250058574712175,0.0008230989383704093
annuity_income_ratio,0.09308 to < 0.1148,2,21525,19901,1624,7.544715447154472,10.05735799474429,9.348564194049606,0.07308173602776573,0.0005179988144048565
annuity_income_ratio,0.1148 to < 0.1522,3,43050,39724,3326,7.725900116144018,20.075045482110372,19.14312021637797,0.047534131991962665,0.0004429825858796879
annuity_income_ratio,0.1522 to < 0.1858,4,32287,29624,2663,8.247901632235884,14.970941985041438,15.327732059619038,-0.023552619318571767,8.403340803171e-05
annuity_income_ratio,0.1858 to < 0.2125,5,21514,19672,1842,8.561866691456725,9.941631291691934,10.603096046498244,-0.06441491727374377,0.00042608197460345727
annuity_income_ratio,>= 0.2125,6,64585,58973,5612,8.68932414647364,29.80265817667273,32.29844046728434,-0.0804213562236336,0.0020071419664991243
annuity_income_ratio,Missing,-1,9,9,0,0.0,0.004800889427936123,0.002877366634056512,0.5119256855470499,9.847007249221967e-06
has_bureau,<= 0,0,30567,27471,3096,10.128570026499165,13.882908833636549,17.819531564711976,-0.24963663137532444,0.009827252375811998
has_bureau,>= 1,1,184690,170409,14281,7.732416481671991,86.11759652314535,82.18622316855614,0.0467260769837761,0.0018369765401850138
bureau_n_loans,<= 0,0,30567,27471,3096,10.128570026499165,13.882908833636549,17.819531564711976,-0.24963663137532444,0.009827252375811998
bureau_n_loans,1,1,25299,23173,2126,8.403494209257284,11.710885385081868,12.237440294642344,-0.043981344892864635,0.00023158593082410418
bureau_n_loans,2 to 3,2,48267,44547,3720,7.707129094412331,22.512381241156255,21.410485124014503,0.050184674144863405,0.0005529829758024916
bureau_n_loans,>= 4,3,111124,102689,8435,7.590619488139376,51.89483525368911,48.544052483167405,0.06674758749179317,0.0022365666614139056
bureau_n_active,<= 1,0,115043,106490,8553,7.434611406169867,53.81569638164544,49.22311100880474,0.08920192976322135,0.004096674778597335
bureau_n_active,2,1,40824,37727,3097,7.586223789927494,19.065847988680005,17.82528629798009,0.06728064337001749,0.0008346578869048712
bureau_n_active,3,2,26660,24427,2233,8.375843960990247,12.344602789569436,12.853196754330437,-0.040373608593065616,0.0002053377366605604
bureau_n_active,4,3,15488,14064,1424,9.194214876033058,7.107590458863958,8.197617540427002,-0.1426802765009769,0.0015552536539096805
bureau_n_active,>= 5,4,17242,15172,2070,12.005567799559216,7.667525773195877,11.915175231628014,-0.4408188388950022,0.018724439022990397
bureau_active_debt,< 3.938e+04,0,96866,89734,7132,7.362748539219128,45.347938144329895,41.04563503481614,0.09968021277892004,0.004288544893957411
bureau_active_debt,3.938e+04 to < 1.362e+05,1,21525,19829,1696,7.879210220673635,10.020972306448353,9.762904989353743,0.02609012903054524,6.733009601564999e-05
bureau_active_debt,1.362e+05 to < 2.03e+05,2,10763,9872,891,8.27836105175137,4.989134829189408,5.13034470852276,-0.02791033776178097,3.9412154274941815e-05
bureau_active_debt,2.03e+05 to < 2.826e+05,3,10763,9847,916,8.51063829787234,4.9765009096422075,5.274213040225586,-0.05810246605408941,0.000172978089611114
bureau_active_debt,2.826e+05 to < 5.216e+05,4,21521,19681,1840,8.54978857859765,9.946179502728926,10.59158657996202,-0.06287145922458631,0.0004057768473951982
bureau_active_debt,5.216e+05 to < 7.04e+05,5,10767,9801,966,8.97185845639454,4.953254497675359,5.561949703631237,-0.11590387809729716,0.0007055013494951929
bureau_active_debt,>= 7.04e+05,6,43052,39116,3936,9.14243240732138,19.767788558722458,22.653507509926914,-0.13626092440034457,0.003932107318507122
bureau_active_credit,< 2.872e+05,0,107628,99157,8471,7.87062846099528,50.10991510006064,48.75122288081947,0.027488612834809998,0.000373485643763893
bureau_active_credit,2.872e+05 to < 6.57e+05,1,32231,29677,2554,7.924048276503987,14.997725894481503,14.700466133394718,0.020019379537445717,5.950955978406786e-05
bureau_active_credit,6.57e+05 to < 8.337e+05,2,10821,9941,880,8.132335274004252,5.0240044471396805,5.067042642573517,-0.00853002785751546,3.671170059878148e-06
bureau_active_credit,>= 8.337e+05,3,64577,59105,5472,8.473605153537637,29.869365271881946,31.492777809748517,-0.05292486134652166,0.0008591888347479306
bureau_max_overdue_days,all values,0,184690,170409,14281,7.732416481671991,86.11759652314535,82.18622316855614,0.0467260769837761,0.0018369765401850138
bureau_max_overdue_days,Missing,-1,30567,27471,3096,10.128570026499165,13.882908833636549,17.819531564711976,-0.24963663137532444,0.009827252375811998
bureau_sum_overdue_amt,all values,0,215257,197880,17377,8.07267591762405,100.00025267839095,100.00287736663405,-2.6246471669299716e-05,6.888880561333299e-10
bureau_n_recent_loans,<= 0,0,108731,101097,7634,7.020996771849794,51.09030725692338,43.93451113540887,0.15089465546777703,0.010797713903535875
bureau_n_recent_loans,1,1,57268,52893,4375,7.639519452399246,26.73008894279361,25.17983541462853,0.05974636535563078,0.000926220136876065
bureau_n_recent_loans,2,2,28351,25753,2598,9.163697929526295,13.014705882352942,14.95367439719169,-0.13887710888251067,0.002692783415550209
bureau_n_recent_loans,>= 3,3,20907,18137,2770,13.249151002056728,9.165908631493833,15.943488519307131,-0.5535594847343516,0.03751793630443833
bureau_n_overdue,all values,0,215257,197880,17377,8.07267591762405,100.00025267839095,100.00287736663405,-2.6246471669299716e-05,6.888880561333299e-10
bureau_utilisation,< 0.01397,0,22523,21184,1339,5.945033965279936,10.70573074590661,7.708465212637394,0.3284600785731743,0.009844820725622736
bureau_utilisation,0.01397 to < 0.5245,1,45044,42035,3009,6.680134979131516,21.242925005053568,17.31886977038614,0.20422725374096815,0.008013990241039987
bureau_utilisation,0.5245 to < 0.6379,2,15014,13925,1089,7.253230318369522,7.037345866181524,6.269781895609139,0.1154895227895204,0.0008864559667183425
bureau_utilisation,0.6379 to < 0.7335,3,15015,13780,1235,8.225108225108226,6.964069132807762,7.10997295275364,-0.02073449066842452,3.025241393155296e-05
bureau_utilisation,0.7335 to < 0.8233,4,15015,13661,1354,9.017649017649017,6.903931675763089,7.79478621165909,-0.12136401838514856,0.0010811768627297519
bureau_utilisation,0.8233 to < 0.9434,5,22522,20104,2418,10.736169079122636,10.159945421467556,13.917822408931347,-0.31471713629576736,0.011826682840463693
bureau_utilisation,>= 0.9434,6,15015,13114,1901,12.660672660672661,6.627501516070346,10.942625309316913,-0.5014378536986493,0.021637664133295327
bureau_utilisation,Missing,-1,65109,60077,5032,7.728578230352179,30.360572063877093,28.960695171778788,0.04720522325382327,0.0006608150121936882
has_prev,<= 0,0,11550,10858,692,5.991341991341991,5.4874166161309885,3.9851527881682682,0.31988193072042176,0.004805470537401664
has_prev,>= 1,1,203707,187022,16685,8.190685641632344,94.5130887406509,96.02060194509986,-0.01582444193775728,0.0002385555517420485
prev_n_apps,<= 0,0,11550,10858,692,5.991341991341991,5.4874166161309885,3.9851527881682682,0.31988193072042176,0.004805470537401664
prev_n_apps,1 to 4,1,119891,110369,9522,7.942214177878239,55.77597533858905,54.79944754560626,0.017663114567974425,0.0001724852228626613
prev_n_apps,5,2,18555,17068,1487,8.014012395580705,8.62568223165555,8.560165736318122,0.007624507425997683,4.995310052255534e-06
prev_n_apps,6 to 7,3,26294,24172,2122,8.070282193656347,12.215736810187993,12.21442136156989,0.00010769055280979617,1.4166138887621626e-09
prev_n_apps,8 to 9,4,15743,14447,1296,8.232230197548116,7.301142106327068,7.461011682108534,-0.0216602304061765,3.4628118463642685e-05
prev_n_apps,10 to 12,5,12403,11266,1137,9.167136982987987,5.693602183141298,6.546009092478563,-0.1395124446503199,0.0011892137175846555
prev_n_apps,>= 13,6,10821,9700,1121,10.359486184271324,4.90221346270467,6.453933360188755,-0.2750029380248965,0.00426727530799815
prev_n_approved,<= 2,0,113032,103077,9955,8.80724042748956,52.09091368506166,57.2912470506992,-0.09515732340866027,0.004948498039068185
prev_n_approved,3,1,36515,33667,2848,7.799534437902232,17.014099454214676,16.392357714219948,0.03722714678435615,0.00023145671016744812
prev_n_approved,4 to 6,2,51300,47675,3625,7.0662768031189085,24.09313725490196,20.863785463543767,0.14391213565956604,0.004647429130904032
prev_n_approved,>= 7,3,14410,13461,949,6.585704371963914,6.802860319385486,5.464119238073315,0.21914021442544449,0.0029337200761890042
prev_n_refused,<= 0,0,145032,134918,10114,6.973633405041646,68.18197897715788,58.20624964032917,0.15818756095227043,0.015780362925129438
prev_n_refused,1,1,32651,29770,2881,8.823619490980368,15.044724075197088,16.582263912067678,-0.09730631519568866,0.001496123359924572
prev_n_refused,2 to 3,2,24220,21631,2589,10.689512799339388,10.931625227410551,14.901881797778675,-0.3098275148131019,0.012300947263675444
prev_n_refused,>= 4,3,13354,11561,1793,13.42668863261944,5.842682433798261,10.321114116360706,-0.5690016989977054,0.025482352362231835
prev_n_canceled,<= 0,0,137708,127020,10688,7.761350103116739,64.19067111380635,61.50946653622604,0.04266679999846287,0.0011439841946658219
prev_n_canceled,1,1,34977,32110,2867,8.196815049889928,16.22725894481504,16.501697646314092,-0.016770784187529357,4.6025522355463965e-05
prev_n_canceled,2 to 3,2,28373,25952,2421,8.532760018327282,13.115271881948656,13.935086608735686,-0.06063253239527388,0.0004970744298003719
prev_n_canceled,>= 4,3,14199,12798,1401,9.866892034650327,6.467808772993735,8.065258675260402,-0.22072840868351645,0.0035260257487896044
prev_approved_credit,< 8.418e+04,0,43052,39003,4049,9.404905695438075,19.71068324236911,23.303792369223686,-0.1674553246336231,0.006016852552814667
prev_approved_credit,8.418e+04 to < 1.341e+05,1,21524,19551,1973,9.166511800780524,9.880483121083484,11.356966104621051,-0.1392698999093848,0.002056296373351867
prev_approved_credit,1.341e+05 to < 1.954e+05,2,21527,19736,1791,8.31978445672876,9.973974125732768,10.30960464982448,-0.03309683806184885,0.00011108309104476863
prev_approved_credit,1.954e+05 to < 6.156e+05,3,64577,59601,4976,7.705529832602939,30.1200222356984,28.638430108764457,0.05044061521646394,0.0007473241838241751
prev_approved_credit,6.156e+05 to < 9.404e+05,4,21525,19930,1595,7.409988385598142,10.072013341419042,9.181676929274328,0.09255076136178365,0.0008240131281211209
prev_approved_credit,9.404e+05 to < 1.187e+06,5,10763,10001,762,7.079810461767165,5.054325854052961,4.38798411693618,0.14137455862635046,0.0009420376897920066
prev_approved_credit,1.187e+06 to < 2.142e+06,6,21526,20021,1505,6.991545108241197,10.118000808570851,8.663750935144156,0.15516833359621454,0.0022565352949212624
prev_approved_credit,>= 2.142e+06,7,10763,10037,726,6.745331227352969,5.07251869820093,4.180813719284111,0.19333158162528893,0.0017239473391713344
prev_last_refused,<= 0,0,180976,167119,13857,7.6568163734417825,84.45497271073378,79.74621626287622,0.05736922945048659,0.0027013772908359886
prev_last_refused,>= 1,1,22731,19903,2828,12.441159649817429,10.058368708308066,16.277263048857684,-0.481364233758,0.0299355330906063
prev_last_refused,Missing,-1,11550,10858,692,5.991341991341991,5.4874166161309885,3.9851527881682682,0.31988193072042176,0.004805470537401664
prev_refusal_rate,< 0.1429,0,141467,131458,10009,7.075148267793902,66.43344451182534,57.60200264717731,0.14264327680638278,0.012597458064984673
prev_refusal_rate,0.1429 to < 0.25,1,17912,16446,1466,8.184457347029925,8.311350313321205,8.439316337687748,-0.015279214438712503,1.9552203271659303e-05
prev_refusal_rate,0.25 to < 0.3333,2,12262,11096,1166,9.509052356874898,5.607691530220336,6.712896357253842,-0.17989136281809148,0.001988168025281905
prev_refusal_rate,0.3333 to < 0.5,3,16635,14775,1860,11.181244364292155,7.466899130786335,10.70668124532428,-0.36038815875681407,0.011675791110315872
prev_refusal_rate,>= 0.5,4,15431,13247,2184,14.153327716933445,6.694713968061452,12.5712148241929,-0.6300914076439641,0.03702732696460825
prev_refusal_rate,Missing,-1,11550,10858,692,5.991341991341991,5.4874166161309885,3.9851527881682682,0.31988193072042176,0.004805470537401664
has_payments,<= 0,0,11104,10437,667,6.006844380403458,5.274661410956135,3.8412844564654427,0.31710768526531574,0.004545348481511912
has_payments,>= 1,1,204153,187443,16710,8.185037692318996,94.72584394582574,96.16447027680267,-0.015073091314186162,0.0002168454605380775
inst_n_payments,< 17,0,82503,75461,7042,8.535447195859545,38.134980796442285,40.52770904068596,-0.060853921968080656,0.0014560689786602755
inst_n_payments,17 to < 31,1,45932,42144,3788,8.246973787337804,21.29800889427936,21.801806986246188,-0.02337926643314708,0.00011778429820603615
inst_n_payments,31 to < 72,2,54042,49850,4192,7.7569297953443614,25.192288255508387,24.126719226563846,0.043218018113199703,0.00046051781593789784
inst_n_payments,72 to < 96,3,11242,10410,832,7.40081835972247,5.261016777845159,4.790815445704092,0.09362367572125953,0.00044021977044079536
inst_n_payments,96 to < 129,4,10768,9982,786,7.299405646359584,5.044724075197089,4.526097715370893,0.10848282281965341,0.0005626205150262708
inst_n_payments,>= 129,5,10770,10033,737,6.843082636954503,5.0704972710733776,4.244115785233355,0.17790539139320702,0.0014701772167846933
inst_n_late,< 1,0,106661,99560,7101,6.657541181875287,50.31357388316151,40.867238303504635,0.20794617662557208,0.01964329366911755
inst_n_late,1 to < 2,1,25807,23583,2224,8.617816871391483,11.918081665655954,12.801404154917421,-0.07149814991527556,0.0006315592376075071
inst_n_late,2 to < 3,2,15132,13738,1394,9.212265397832407,6.942844147968466,8.024975542383611,-0.1448471111757823,0.0015674360639365485
inst_n_late,3 to < 7,3,32636,29463,3173,9.722392450055153,14.889579543157469,18.262646026356677,-0.2041961642465297,0.006887672376178097
inst_n_late,>= 7,4,35021,31536,3485,9.951172153850546,15.93718415201132,20.05812280600794,-0.22997919438303813,0.009477301517480647
inst_late_share,< 0.03333,0,112032,104556,7476,6.6730934018851755,52.83833636547403,43.02526327904702,0.2054495334908886,0.020160912877184235
inst_late_share,0.03333 to < 0.06667,1,19965,18363,1602,8.02404207362885,9.280119264200525,9.221960062151119,0.006286795400610624,3.6563500394739623e-06
inst_late_share,0.06667 to < 0.1429,2,29846,26999,2847,9.538966695704618,13.644380432585404,16.386602980951835,-0.18313636264425015,0.005022006630688742
inst_late_share,0.1429 to < 0.2388,3,21882,19668,2214,10.117905127502057,9.939609864564382,12.743856822236289,-0.2485215667686593,0.006969158475268683
inst_late_share,>= 0.2388,4,20428,17857,2571,12.585666731936557,9.02440873256519,14.798296598952637,-0.4945790918052337,0.028556442171431617
inst_late_share,Missing,-1,11104,10437,667,6.006844380403458,5.274661410956135,3.8412844564654427,0.31710768526531574,0.004545348481511912
inst_avg_days_late,< 0.03883,0,102076,95239,6837,6.697950546651515,48.12992722862341,39.347988720722796,0.20145931034238912,0.01769203275270928
inst_avg_days_late,0.03883 to < 0.3571,1,40808,37381,3427,8.397863164085473,18.890994542146757,19.724348276457388,-0.04316849644051441,0.0003597462771327792
inst_avg_days_late,0.3571 to < 0.7526,2,20438,18507,1931,9.44808689695665,9.352890640792399,11.115267307360304,-0.17263414140847308,0.0030424638267127694
inst_avg_days_late,0.7526 to < 1.828,3,20412,18260,2152,10.542817950225357,9.22806751566606,12.387063359613283,-0.2944029938909061,0.009300178341469914
inst_avg_days_late,>= 1.828,4,20419,18056,2363,11.572554973309172,9.124974732160904,13.60131207918513,-0.3991511341126636,0.01786735128735591
inst_avg_days_late,Missing,-1,11104,10437,667,6.006844380403458,5.274661410956135,3.8412844564654427,0.31710768526531574,0.004545348481511912
inst_max_days_late,< 1,0,95557,89123,6434,6.733154033718095,45.039165150596325,37.02883121367325,0.19583561672732588,0.01568708686729159
inst_max_days_late,1 to < 3,1,19861,18213,1648,8.297668798147123,9.204315746917324,9.486677792484318,-0.030215999791211787,8.531851509898439e-05
inst_max_days_late,3 to < 5,2,15111,13801,1310,8.66918139103964,6.974681625227411,7.541577947862117,-0.078144755492326,0.0004429997452178789
inst_max_days_late,5 to < 7,3,12151,11009,1142,9.398403423586537,5.563725490196078,6.574782758819128,-0.1669736009629101,0.00168819872921715
inst_max_days_late,>= 7,4,61473,55297,6176,10.046687163470141,27.944966646452396,35.544110030500086,-0.24053736206434356,0.018278779035475402
inst_max_days_late,Missing,-1,11104,10437,667,6.006844380403458,5.274661410956135,3.8412844564654427,0.31710768526531574,0.004545348481511912
inst_short_share,< 0.05172,0,132683,123320,9363,7.056668902572296,62.3208510208207,53.884444955976285,0.14545421166429134,0.012271107934417907
inst_short_share,0.05172 to < 0.1538,1,30143,27487,2656,8.81133264771257,13.890994542146757,15.287448926742245,-0.09579140464737172,0.001337683270263829
inst_short_share,0.1538 to < 0.2857,2,19600,17581,2019,10.301020408163266,8.884930260764099,11.621683834954249,-0.26851603679151337,0.0073486222341654795
inst_short_share,>= 0.2857,3,21727,19055,2672,12.298062318773876,9.629826157267031,15.379524659032054,-0.4681718837228234,0.026918471784096263
inst_short_share,Missing,-1,11104,10437,667,6.006844380403458,5.274661410956135,3.8412844564654427,0.31710768526531574,0.004545348481511912
inst_recent3_late_share,< 0.3333,0,171104,158601,12503,7.307251729942023,80.15034364261169,71.95430741785118,0.1078728681764211,0.00884129935242762
inst_recent3_late_share,>= 0.3333,1,33049,28842,4207,12.729583345940876,14.575752981605014,24.213040225585544,-0.5075319468829067,0.048912311576072405
inst_recent3_late_share,Missing,-1,11104,10437,667,6.006844380403458,5.274661410956135,3.8412844564654427,0.31710768526531574,0.004545348481511912
